metric,tanimoto_top_k,needed_top_n,positions_of_tanimoto_topk,seed,group,run_id,target_idx,needed_top_n_all,needed_top_n_at_least_one
zernike,1,36,[36],10,15-20,0,292,36,36
zernike,2,94,"[36, 94]",10,15-20,0,292,94,36
zernike,5,171,"[36, 94, 141, 53, 171]",10,15-20,0,292,171,36
zernike,10,201,"[36, 94, 141, 53, 171, 37, 201, 41, 85, 187]",10,15-20,0,292,201,36
rdkit,1,31,[31],10,15-20,0,292,31,31
rdkit,2,110,"[31, 110]",10,15-20,0,292,110,31
rdkit,5,374,"[31, 110, 374, 140, 50]",10,15-20,0,292,374,31
rdkit,10,374,"[31, 110, 374, 140, 50, 78, 121, 12, 278, 141]",10,15-20,0,292,374,12
combined,1,21,[21],10,15-20,0,292,21,21
combined,2,80,"[21, 80]",10,15-20,0,292,80,21
combined,5,285,"[21, 80, 285, 79, 67]",10,15-20,0,292,285,21
combined,10,285,"[21, 80, 285, 79, 67, 44, 130, 9, 212, 134]",10,15-20,0,292,285,9
zernike,1,252,[252],10,15-20,1,16,252,252
zernike,2,252,"[252, 2]",10,15-20,1,16,252,2
zernike,5,499,"[252, 2, 156, 499, 10]",10,15-20,1,16,499,2
zernike,10,499,"[252, 2, 156, 499, 10, 386, 5, 89, 218, 389]",10,15-20,1,16,499,2
rdkit,1,49,[49],10,15-20,1,16,49,49
rdkit,2,223,"[49, 223]",10,15-20,1,16,223,49
rdkit,5,436,"[49, 223, 150, 436, 38]",10,15-20,1,16,436,38
rdkit,10,436,"[49, 223, 150, 436, 38, 229, 3, 135, 246, 293]",10,15-20,1,16,436,3
combined,1,96,[96],10,15-20,1,16,96,96
combined,2,96,"[96, 84]",10,15-20,1,16,96,84
combined,5,499,"[96, 84, 136, 499, 17]",10,15-20,1,16,499,17
combined,10,499,"[96, 84, 136, 499, 17, 296, 1, 100, 217, 343]",10,15-20,1,16,499,1
zernike,1,20,[20],10,15-20,2,219,20,20
zernike,2,160,"[20, 160]",10,15-20,2,219,160,20
zernike,5,191,"[20, 160, 191, 17, 83]",10,15-20,2,219,191,17
zernike,10,251,"[20, 160, 191, 17, 83, 251, 2, 22, 32, 59]",10,15-20,2,219,251,2
rdkit,1,286,[286],10,15-20,2,219,286,286
rdkit,2,286,"[286, 8]",10,15-20,2,219,286,8
rdkit,5,286,"[286, 8, 83, 111, 68]",10,15-20,2,219,286,8
rdkit,10,286,"[286, 8, 83, 111, 68, 209, 79, 40, 30, 236]",10,15-20,2,219,286,8
combined,1,144,[144],10,15-20,2,219,144,144
combined,2,144,"[144, 22]",10,15-20,2,219,144,22
combined,5,144,"[144, 22, 91, 24, 36]",10,15-20,2,219,144,22
combined,10,224,"[144, 22, 91, 24, 36, 224, 8, 4, 5, 140]",10,15-20,2,219,224,4
zernike,1,1,[1],10,20-25,0,292,1,1
zernike,2,133,"[1, 133]",10,20-25,0,292,133,1
zernike,5,232,"[1, 133, 60, 4, 232]",10,20-25,0,292,232,1
zernike,10,354,"[1, 133, 60, 4, 232, 74, 194, 55, 229, 354]",10,20-25,0,292,354,1
rdkit,1,94,[94],10,20-25,0,292,94,94
rdkit,2,147,"[94, 147]",10,20-25,0,292,147,94
rdkit,5,147,"[94, 147, 34, 19, 39]",10,20-25,0,292,147,19
rdkit,10,387,"[94, 147, 34, 19, 39, 387, 307, 159, 197, 293]",10,20-25,0,292,387,19
combined,1,12,[12],10,20-25,0,292,12,12
combined,2,107,"[12, 107]",10,20-25,0,292,107,12
combined,5,113,"[12, 107, 23, 5, 113]",10,20-25,0,292,113,5
combined,10,314,"[12, 107, 23, 5, 113, 160, 209, 52, 185, 314]",10,20-25,0,292,314,5
zernike,1,32,[32],10,20-25,1,16,32,32
zernike,2,32,"[32, 2]",10,20-25,1,16,32,2
zernike,5,420,"[32, 2, 68, 420, 70]",10,20-25,1,16,420,2
zernike,10,486,"[32, 2, 68, 420, 70, 5, 21, 486, 109, 9]",10,20-25,1,16,486,2
rdkit,1,24,[24],10,20-25,1,16,24,24
rdkit,2,164,"[24, 164]",10,20-25,1,16,164,24
rdkit,5,226,"[24, 164, 151, 88, 226]",10,20-25,1,16,226,24
rdkit,10,324,"[24, 164, 151, 88, 226, 1, 10, 324, 28, 3]",10,20-25,1,16,324,1
combined,1,16,[16],10,20-25,1,16,16,16
combined,2,23,"[16, 23]",10,20-25,1,16,23,16
combined,5,249,"[16, 23, 107, 249, 145]",10,20-25,1,16,249,16
combined,10,415,"[16, 23, 107, 249, 145, 1, 8, 415, 45, 4]",10,20-25,1,16,415,1
zernike,1,37,[37],10,20-25,2,219,37,37
zernike,2,37,"[37, 2]",10,20-25,2,219,37,2
zernike,5,37,"[37, 2, 25, 28, 1]",10,20-25,2,219,37,1
zernike,10,217,"[37, 2, 25, 28, 1, 36, 10, 88, 217, 95]",10,20-25,2,219,217,1
rdkit,1,109,[109],10,20-25,2,219,109,109
rdkit,2,109,"[109, 53]",10,20-25,2,219,109,53
rdkit,5,161,"[109, 53, 161, 71, 68]",10,20-25,2,219,161,53
rdkit,10,211,"[109, 53, 161, 71, 68, 185, 45, 179, 82, 211]",10,20-25,2,219,211,45
combined,1,57,[57],10,20-25,2,219,57,57
combined,2,57,"[57, 14]",10,20-25,2,219,57,14
combined,5,85,"[57, 14, 85, 35, 22]",10,20-25,2,219,85,14
combined,10,171,"[57, 14, 85, 35, 22, 111, 15, 139, 91, 171]",10,20-25,2,219,171,14
zernike,1,7,[7],10,25-30,0,292,7,7
zernike,2,17,"[7, 17]",10,25-30,0,292,17,7
zernike,5,157,"[7, 17, 157, 150, 110]",10,25-30,0,292,157,7
zernike,10,223,"[7, 17, 157, 150, 110, 223, 20, 23, 50, 6]",10,25-30,0,292,223,6
rdkit,1,3,[3],10,25-30,0,292,3,3
rdkit,2,14,"[3, 14]",10,25-30,0,292,14,3
rdkit,5,111,"[3, 14, 15, 110, 111]",10,25-30,0,292,111,3
rdkit,10,176,"[3, 14, 15, 110, 111, 5, 26, 16, 176, 125]",10,25-30,0,292,176,3
combined,1,1,[1],10,25-30,0,292,1,1
combined,2,10,"[1, 10]",10,25-30,0,292,10,1
combined,5,117,"[1, 10, 25, 117, 107]",10,25-30,0,292,117,1
combined,10,134,"[1, 10, 25, 117, 107, 23, 15, 12, 134, 76]",10,25-30,0,292,134,1
zernike,1,29,[29],10,25-30,1,16,29,29
zernike,2,39,"[29, 39]",10,25-30,1,16,39,29
zernike,5,39,"[29, 39, 4, 19, 9]",10,25-30,1,16,39,4
zernike,10,104,"[29, 39, 4, 19, 9, 100, 104, 44, 23, 43]",10,25-30,1,16,104,4
rdkit,1,91,[91],10,25-30,1,16,91,91
rdkit,2,91,"[91, 84]",10,25-30,1,16,91,84
rdkit,5,91,"[91, 84, 82, 22, 79]",10,25-30,1,16,91,22
rdkit,10,192,"[91, 84, 82, 22, 79, 192, 5, 1, 93, 50]",10,25-30,1,16,192,1
combined,1,58,[58],10,25-30,1,16,58,58
combined,2,58,"[58, 54]",10,25-30,1,16,58,54
combined,5,58,"[58, 54, 38, 13, 39]",10,25-30,1,16,58,13
combined,10,152,"[58, 54, 38, 13, 39, 152, 14, 1, 53, 36]",10,25-30,1,16,152,1
zernike,1,494,[494],10,25-30,2,219,494,494
zernike,2,494,"[494, 119]",10,25-30,2,219,494,119
zernike,5,494,"[494, 119, 146, 4, 1]",10,25-30,2,219,494,1
zernike,10,494,"[494, 119, 146, 4, 1, 23, 5, 71, 31, 200]",10,25-30,2,219,494,1
rdkit,1,253,[253],10,25-30,2,219,253,253
rdkit,2,314,"[253, 314]",10,25-30,2,219,314,253
rdkit,5,314,"[253, 314, 60, 13, 169]",10,25-30,2,219,314,13
rdkit,10,314,"[253, 314, 60, 13, 169, 214, 289, 15, 88, 217]",10,25-30,2,219,314,13
combined,1,406,[406],10,25-30,2,219,406,406
combined,2,406,"[406, 232]",10,25-30,2,219,406,232
combined,5,406,"[406, 232, 68, 3, 32]",10,25-30,2,219,406,3
combined,10,406,"[406, 232, 68, 3, 32, 124, 144, 19, 34, 215]",10,25-30,2,219,406,3
zernike,1,1,[1],20,15-20,0,463,1,1
zernike,2,8,"[1, 8]",20,15-20,0,463,8,1
zernike,5,97,"[1, 8, 64, 55, 97]",20,15-20,0,463,97,1
zernike,10,167,"[1, 8, 64, 55, 97, 84, 48, 106, 167, 5]",20,15-20,0,463,167,1
rdkit,1,41,[41],20,15-20,0,463,41,41
rdkit,2,381,"[41, 381]",20,15-20,0,463,381,41
rdkit,5,381,"[41, 381, 313, 157, 24]",20,15-20,0,463,381,24
rdkit,10,423,"[41, 381, 313, 157, 24, 204, 303, 9, 366, 423]",20,15-20,0,463,423,9
combined,1,3,[3],20,15-20,0,463,3,3
combined,2,149,"[3, 149]",20,15-20,0,463,149,3
combined,5,149,"[3, 149, 143, 54, 17]",20,15-20,0,463,149,3
combined,10,227,"[3, 149, 143, 54, 17, 96, 114, 8, 227, 188]",20,15-20,0,463,227,3
zernike,1,20,[20],20,15-20,1,370,20,20
zernike,2,84,"[20, 84]",20,15-20,1,370,84,20
zernike,5,449,"[20, 84, 382, 192, 449]",20,15-20,1,370,449,20
zernike,10,449,"[20, 84, 382, 192, 449, 7, 17, 16, 47, 21]",20,15-20,1,370,449,7
rdkit,1,142,[142],20,15-20,1,370,142,142
rdkit,2,142,"[142, 82]",20,15-20,1,370,142,82
rdkit,5,312,"[142, 82, 246, 122, 312]",20,15-20,1,370,312,82
rdkit,10,312,"[142, 82, 246, 122, 312, 5, 93, 162, 271, 50]",20,15-20,1,370,312,5
combined,1,80,[80],20,15-20,1,370,80,80
combined,2,80,"[80, 65]",20,15-20,1,370,80,65
combined,5,376,"[80, 65, 311, 145, 376]",20,15-20,1,370,376,65
combined,10,376,"[80, 65, 311, 145, 376, 2, 44, 95, 207, 18]",20,15-20,1,370,376,2
zernike,1,143,[143],20,15-20,2,351,143,143
zernike,2,219,"[143, 219]",20,15-20,2,351,219,143
zernike,5,219,"[143, 219, 25, 1, 5]",20,15-20,2,351,219,1
zernike,10,308,"[143, 219, 25, 1, 5, 232, 6, 160, 123, 308]",20,15-20,2,351,308,1
rdkit,1,314,[314],20,15-20,2,351,314,314
rdkit,2,314,"[314, 287]",20,15-20,2,351,314,287
rdkit,5,314,"[314, 287, 68, 115, 212]",20,15-20,2,351,314,68
rdkit,10,331,"[314, 287, 68, 115, 212, 160, 61, 184, 331, 259]",20,15-20,2,351,331,61
combined,1,164,[164],20,15-20,2,351,164,164
combined,2,208,"[164, 208]",20,15-20,2,351,208,164
combined,5,208,"[164, 208, 12, 6, 17]",20,15-20,2,351,208,6
combined,10,278,"[164, 208, 12, 6, 17, 142, 3, 111, 163, 278]",20,15-20,2,351,278,3
zernike,1,28,[28],20,20-25,0,463,28,28
zernike,2,28,"[28, 25]",20,20-25,0,463,28,25
zernike,5,76,"[28, 25, 21, 76, 75]",20,20-25,0,463,76,21
zernike,10,380,"[28, 25, 21, 76, 75, 4, 380, 274, 141, 22]",20,20-25,0,463,380,4
rdkit,1,74,[74],20,20-25,0,463,74,74
rdkit,2,153,"[74, 153]",20,20-25,0,463,153,74
rdkit,5,301,"[74, 153, 101, 52, 301]",20,20-25,0,463,301,52
rdkit,10,315,"[74, 153, 101, 52, 301, 59, 85, 315, 195, 38]",20,20-25,0,463,315,38
combined,1,29,[29],20,20-25,0,463,29,29
combined,2,71,"[29, 71]",20,20-25,0,463,71,29
combined,5,176,"[29, 71, 48, 32, 176]",20,20-25,0,463,176,29
combined,10,293,"[29, 71, 48, 32, 176, 17, 230, 293, 137, 15]",20,20-25,0,463,293,15
zernike,1,47,[47],20,20-25,1,370,47,47
zernike,2,47,"[47, 2]",20,20-25,1,370,47,2
zernike,5,163,"[47, 2, 57, 11, 163]",20,20-25,1,370,163,2
zernike,10,267,"[47, 2, 57, 11, 163, 166, 267, 33, 136, 50]",20,20-25,1,370,267,2
rdkit,1,132,[132],20,20-25,1,370,132,132
rdkit,2,140,"[132, 140]",20,20-25,1,370,140,132
rdkit,5,140,"[132, 140, 112, 73, 41]",20,20-25,1,370,140,41
rdkit,10,214,"[132, 140, 112, 73, 41, 42, 165, 214, 149, 5]",20,20-25,1,370,214,5
combined,1,63,[63],20,20-25,1,370,63,63
combined,2,63,"[63, 25]",20,20-25,1,370,63,25
combined,5,79,"[63, 25, 61, 13, 79]",20,20-25,1,370,79,13
combined,10,208,"[63, 25, 61, 13, 79, 83, 208, 103, 118, 6]",20,20-25,1,370,208,6
zernike,1,36,[36],20,20-25,2,351,36,36
zernike,2,36,"[36, 13]",20,20-25,2,351,36,13
zernike,5,275,"[36, 13, 1, 260, 275]",20,20-25,2,351,275,1
zernike,10,275,"[36, 13, 1, 260, 275, 147, 160, 28, 4, 32]",20,20-25,2,351,275,1
rdkit,1,155,[155],20,20-25,2,351,155,155
rdkit,2,155,"[155, 31]",20,20-25,2,351,155,31
rdkit,5,310,"[155, 31, 310, 227, 282]",20,20-25,2,351,310,31
rdkit,10,314,"[155, 31, 310, 227, 282, 267, 314, 97, 40, 82]",20,20-25,2,351,314,31
combined,1,53,[53],20,20-25,2,351,53,53
combined,2,53,"[53, 7]",20,20-25,2,351,53,7
combined,5,265,"[53, 7, 82, 224, 265]",20,20-25,2,351,265,7
combined,10,265,"[53, 7, 82, 224, 265, 186, 233, 33, 6, 25]",20,20-25,2,351,265,6
zernike,1,107,[107],20,25-30,0,463,107,107
zernike,2,163,"[107, 163]",20,25-30,0,463,163,107
zernike,5,232,"[107, 163, 70, 57, 232]",20,25-30,0,463,232,57
zernike,10,273,"[107, 163, 70, 57, 232, 119, 87, 273, 23, 14]",20,25-30,0,463,273,14
rdkit,1,1,[1],20,25-30,0,463,1,1
rdkit,2,29,"[1, 29]",20,25-30,0,463,29,1
rdkit,5,155,"[1, 29, 155, 45, 77]",20,25-30,0,463,155,1
rdkit,10,244,"[1, 29, 155, 45, 77, 244, 237, 187, 98, 26]",20,25-30,0,463,244,1
combined,1,3,[3],20,25-30,0,463,3,3
combined,2,40,"[3, 40]",20,25-30,0,463,40,3
combined,5,117,"[3, 40, 64, 23, 117]",20,25-30,0,463,117,3
combined,10,196,"[3, 40, 64, 23, 117, 125, 104, 196, 29, 9]",20,25-30,0,463,196,3
zernike,1,10,[10],20,25-30,1,370,10,10
zernike,2,231,"[10, 231]",20,25-30,1,370,231,10
zernike,5,231,"[10, 231, 3, 202, 45]",20,25-30,1,370,231,3
zernike,10,356,"[10, 231, 3, 202, 45, 356, 24, 9, 26, 2]",20,25-30,1,370,356,2
rdkit,1,46,[46],20,25-30,1,370,46,46
rdkit,2,163,"[46, 163]",20,25-30,1,370,163,46
rdkit,5,163,"[46, 163, 43, 142, 89]",20,25-30,1,370,163,43
rdkit,10,264,"[46, 163, 43, 142, 89, 2, 152, 15, 264, 221]",20,25-30,1,370,264,2
combined,1,12,[12],20,25-30,1,370,12,12
combined,2,168,"[12, 168]",20,25-30,1,370,168,12
combined,5,168,"[12, 168, 7, 146, 53]",20,25-30,1,370,168,7
combined,10,198,"[12, 168, 7, 146, 53, 39, 93, 2, 198, 121]",20,25-30,1,370,198,2
zernike,1,1,[1],20,25-30,2,351,1,1
zernike,2,26,"[1, 26]",20,25-30,2,351,26,1
zernike,5,73,"[1, 26, 28, 23, 73]",20,25-30,2,351,73,1
zernike,10,440,"[1, 26, 28, 23, 73, 149, 412, 2, 440, 86]",20,25-30,2,351,440,1
rdkit,1,98,[98],20,25-30,2,351,98,98
rdkit,2,283,"[98, 283]",20,25-30,2,351,283,98
rdkit,5,353,"[98, 283, 276, 353, 178]",20,25-30,2,351,353,98
rdkit,10,353,"[98, 283, 276, 353, 178, 316, 306, 352, 268, 192]",20,25-30,2,351,353,98
combined,1,6,[6],20,25-30,2,351,6,6
combined,2,137,"[6, 137]",20,25-30,2,351,137,6
combined,5,191,"[6, 137, 134, 191, 119]",20,25-30,2,351,191,6
combined,10,355,"[6, 137, 134, 191, 119, 230, 355, 113, 349, 126]",20,25-30,2,351,355,6
zernike,1,298,[298],30,15-20,0,276,298,298
zernike,2,298,"[298, 216]",30,15-20,0,276,298,216
zernike,5,328,"[298, 216, 54, 6, 328]",30,15-20,0,276,328,6
zernike,10,328,"[298, 216, 54, 6, 328, 2, 31, 1, 92, 83]",30,15-20,0,276,328,1
rdkit,1,35,[35],30,15-20,0,276,35,35
rdkit,2,92,"[35, 92]",30,15-20,0,276,92,35
rdkit,5,131,"[35, 92, 8, 131, 89]",30,15-20,0,276,131,8
rdkit,10,302,"[35, 92, 8, 131, 89, 260, 302, 78, 213, 24]",30,15-20,0,276,302,8
combined,1,99,[99],30,15-20,0,276,99,99
combined,2,118,"[99, 118]",30,15-20,0,276,118,99
combined,5,166,"[99, 118, 6, 49, 166]",30,15-20,0,276,166,6
combined,10,204,"[99, 118, 6, 49, 166, 108, 204, 13, 142, 21]",30,15-20,0,276,204,6
zernike,1,111,[111],30,15-20,1,413,111,111
zernike,2,168,"[111, 168]",30,15-20,1,413,168,111
zernike,5,257,"[111, 168, 70, 257, 23]",30,15-20,1,413,257,23
zernike,10,349,"[111, 168, 70, 257, 23, 349, 5, 2, 164, 32]",30,15-20,1,413,349,2
rdkit,1,77,[77],30,15-20,1,413,77,77
rdkit,2,277,"[77, 277]",30,15-20,1,413,277,77
rdkit,5,467,"[77, 277, 42, 467, 21]",30,15-20,1,413,467,21
rdkit,10,467,"[77, 277, 42, 467, 21, 247, 3, 5, 49, 112]",30,15-20,1,413,467,3
combined,1,70,[70],30,15-20,1,413,70,70
combined,2,227,"[70, 227]",30,15-20,1,413,227,70
combined,5,390,"[70, 227, 36, 390, 12]",30,15-20,1,413,390,12
combined,10,390,"[70, 227, 36, 390, 12, 299, 2, 3, 71, 72]",30,15-20,1,413,390,2
zernike,1,5,[5],30,15-20,2,148,5,5
zernike,2,5,"[5, 3]",30,15-20,2,148,5,3
zernike,5,153,"[5, 3, 82, 153, 8]",30,15-20,2,148,153,3
zernike,10,153,"[5, 3, 82, 153, 8, 138, 12, 63, 37, 1]",30,15-20,2,148,153,1
rdkit,1,2,[2],30,15-20,2,148,2,2
rdkit,2,36,"[2, 36]",30,15-20,2,148,36,2
rdkit,5,66,"[2, 36, 66, 41, 1]",30,15-20,2,148,66,1
rdkit,10,431,"[2, 36, 66, 41, 1, 431, 20, 211, 189, 63]",30,15-20,2,148,431,1
combined,1,2,[2],30,15-20,2,148,2,2
combined,2,13,"[2, 13]",30,15-20,2,148,13,2
combined,5,48,"[2, 13, 46, 48, 1]",30,15-20,2,148,48,1
combined,10,316,"[2, 13, 46, 48, 1, 316, 4, 134, 99, 15]",30,15-20,2,148,316,1
zernike,1,15,[15],30,20-25,0,276,15,15
zernike,2,15,"[15, 8]",30,20-25,0,276,15,8
zernike,5,47,"[15, 8, 14, 7, 47]",30,20-25,0,276,47,7
zernike,10,61,"[15, 8, 14, 7, 47, 1, 59, 61, 2, 51]",30,20-25,0,276,61,1
rdkit,1,67,[67],30,20-25,0,276,67,67
rdkit,2,67,"[67, 28]",30,20-25,0,276,67,28
rdkit,5,141,"[67, 28, 93, 141, 39]",30,20-25,0,276,141,28
rdkit,10,166,"[67, 28, 93, 141, 39, 166, 65, 58, 25, 81]",30,20-25,0,276,166,25
combined,1,22,[22],30,20-25,0,276,22,22
combined,2,22,"[22, 10]",30,20-25,0,276,22,10
combined,5,42,"[22, 10, 29, 42, 23]",30,20-25,0,276,42,10
combined,10,46,"[22, 10, 29, 42, 23, 39, 41, 38, 6, 46]",30,20-25,0,276,46,6
zernike,1,6,[6],30,20-25,1,413,6,6
zernike,2,6,"[6, 5]",30,20-25,1,413,6,5
zernike,5,78,"[6, 5, 78, 3, 61]",30,20-25,1,413,78,3
zernike,10,347,"[6, 5, 78, 3, 61, 20, 28, 347, 4, 17]",30,20-25,1,413,347,3
rdkit,1,66,[66],30,20-25,1,413,66,66
rdkit,2,294,"[66, 294]",30,20-25,1,413,294,66
rdkit,5,294,"[66, 294, 29, 59, 137]",30,20-25,1,413,294,29
rdkit,10,294,"[66, 294, 29, 59, 137, 63, 274, 219, 33, 77]",30,20-25,1,413,294,29
combined,1,13,[13],30,20-25,1,413,13,13
combined,2,121,"[13, 121]",30,20-25,1,413,121,13
combined,5,121,"[13, 121, 22, 8, 75]",30,20-25,1,413,121,8
combined,10,266,"[13, 121, 22, 8, 75, 19, 140, 266, 4, 27]",30,20-25,1,413,266,4
zernike,1,11,[11],30,20-25,2,148,11,11
zernike,2,235,"[11, 235]",30,20-25,2,148,235,11
zernike,5,235,"[11, 235, 3, 2, 177]",30,20-25,2,148,235,2
zernike,10,491,"[11, 235, 3, 2, 177, 127, 133, 491, 87, 4]",30,20-25,2,148,491,2
rdkit,1,29,[29],30,20-25,2,148,29,29
rdkit,2,309,"[29, 309]",30,20-25,2,148,309,29
rdkit,5,309,"[29, 309, 195, 40, 255]",30,20-25,2,148,309,29
rdkit,10,309,"[29, 309, 195, 40, 255, 257, 220, 72, 50, 180]",30,20-25,2,148,309,29
combined,1,2,[2],30,20-25,2,148,2,2
combined,2,285,"[2, 285]",30,20-25,2,148,285,2
combined,5,285,"[2, 285, 38, 1, 188]",30,20-25,2,148,285,1
combined,10,362,"[2, 285, 38, 1, 188, 159, 139, 362, 33, 35]",30,20-25,2,148,362,1
zernike,1,3,[3],30,25-30,0,276,3,3
zernike,2,6,"[3, 6]",30,25-30,0,276,6,3
zernike,5,300,"[3, 6, 161, 300, 62]",30,25-30,0,276,300,3
zernike,10,300,"[3, 6, 161, 300, 62, 157, 4, 111, 28, 5]",30,25-30,0,276,300,3
rdkit,1,7,[7],30,25-30,0,276,7,7
rdkit,2,93,"[7, 93]",30,25-30,0,276,93,7
rdkit,5,178,"[7, 93, 66, 27, 178]",30,25-30,0,276,178,7
rdkit,10,178,"[7, 93, 66, 27, 178, 44, 3, 63, 49, 60]",30,25-30,0,276,178,3
combined,1,3,[3],30,25-30,0,276,3,3
combined,2,59,"[3, 59]",30,25-30,0,276,59,3
combined,5,148,"[3, 59, 71, 36, 148]",30,25-30,0,276,148,3
combined,10,148,"[3, 59, 71, 36, 148, 49, 1, 58, 37, 38]",30,25-30,0,276,148,1
zernike,1,391,[391],30,25-30,1,413,391,391
zernike,2,391,"[391, 95]",30,25-30,1,413,391,95
zernike,5,391,"[391, 95, 201, 93, 148]",30,25-30,1,413,391,93
zernike,10,391,"[391, 95, 201, 93, 148, 98, 22, 388, 60, 144]",30,25-30,1,413,391,22
rdkit,1,294,[294],30,25-30,1,413,294,294
rdkit,2,294,"[294, 157]",30,25-30,1,413,294,157
rdkit,5,294,"[294, 157, 21, 184, 92]",30,25-30,1,413,294,21
rdkit,10,294,"[294, 157, 21, 184, 92, 40, 103, 82, 49, 117]",30,25-30,1,413,294,21
combined,1,348,[348],30,25-30,1,413,348,348
combined,2,348,"[348, 105]",30,25-30,1,413,348,105
combined,5,348,"[348, 105, 59, 121, 84]",30,25-30,1,413,348,59
combined,10,348,"[348, 105, 59, 121, 84, 32, 33, 213, 20, 97]",30,25-30,1,413,348,20
zernike,1,172,[172],30,25-30,2,148,172,172
zernike,2,172,"[172, 70]",30,25-30,2,148,172,70
zernike,5,172,"[172, 70, 1, 9, 12]",30,25-30,2,148,172,1
zernike,10,172,"[172, 70, 1, 9, 12, 11, 131, 112, 8, 17]",30,25-30,2,148,172,1
rdkit,1,251,[251],30,25-30,2,148,251,251
rdkit,2,251,"[251, 23]",30,25-30,2,148,251,23
rdkit,5,361,"[251, 23, 342, 361, 143]",30,25-30,2,148,361,23
rdkit,10,361,"[251, 23, 342, 361, 143, 140, 284, 76, 29, 94]",30,25-30,2,148,361,23
combined,1,178,[178],30,25-30,2,148,178,178
combined,2,178,"[178, 17]",30,25-30,2,148,178,17
combined,5,178,"[178, 17, 109, 141, 40]",30,25-30,2,148,178,17
combined,10,178,"[178, 17, 109, 141, 40, 37, 175, 62, 5, 30]",30,25-30,2,148,178,5
zernike,1,1,[1],40,15-20,0,234,1,1
zernike,2,2,"[1, 2]",40,15-20,0,234,2,1
zernike,5,57,"[1, 2, 57, 37, 3]",40,15-20,0,234,57,1
zernike,10,57,"[1, 2, 57, 37, 3, 26, 10, 8, 7, 9]",40,15-20,0,234,57,1
rdkit,1,6,[6],40,15-20,0,234,6,6
rdkit,2,67,"[6, 67]",40,15-20,0,234,67,6
rdkit,5,230,"[6, 67, 230, 18, 85]",40,15-20,0,234,230,6
rdkit,10,230,"[6, 67, 230, 18, 85, 82, 1, 72, 29, 40]",40,15-20,0,234,230,1
combined,1,1,[1],40,15-20,0,234,1,1
combined,2,10,"[1, 10]",40,15-20,0,234,10,1
combined,5,130,"[1, 10, 130, 18, 27]",40,15-20,0,234,130,1
combined,10,130,"[1, 10, 130, 18, 27, 46, 2, 33, 5, 8]",40,15-20,0,234,130,1
zernike,1,55,[55],40,15-20,1,296,55,55
zernike,2,55,"[55, 12]",40,15-20,1,296,55,12
zernike,5,55,"[55, 12, 8, 47, 38]",40,15-20,1,296,55,8
zernike,10,186,"[55, 12, 8, 47, 38, 2, 53, 24, 111, 186]",40,15-20,1,296,186,2
rdkit,1,36,[36],40,15-20,1,296,36,36
rdkit,2,36,"[36, 23]",40,15-20,1,296,36,23
rdkit,5,179,"[36, 23, 15, 87, 179]",40,15-20,1,296,179,15
rdkit,10,179,"[36, 23, 15, 87, 179, 26, 104, 9, 22, 128]",40,15-20,1,296,179,9
combined,1,28,[28],40,15-20,1,296,28,28
combined,2,28,"[28, 6]",40,15-20,1,296,28,6
combined,5,91,"[28, 6, 2, 54, 91]",40,15-20,1,296,91,2
combined,10,145,"[28, 6, 2, 54, 91, 3, 68, 5, 20, 145]",40,15-20,1,296,145,2
zernike,1,3,[3],40,15-20,2,449,3,3
zernike,2,4,"[3, 4]",40,15-20,2,449,4,3
zernike,5,27,"[3, 4, 19, 27, 1]",40,15-20,2,449,27,1
zernike,10,43,"[3, 4, 19, 27, 1, 18, 20, 5, 10, 43]",40,15-20,2,449,43,1
rdkit,1,38,[38],40,15-20,2,449,38,38
rdkit,2,38,"[38, 31]",40,15-20,2,449,38,31
rdkit,5,54,"[38, 31, 50, 27, 54]",40,15-20,2,449,54,27
rdkit,10,247,"[38, 31, 50, 27, 54, 14, 247, 21, 22, 243]",40,15-20,2,449,247,14
combined,1,8,[8],40,15-20,2,449,8,8
combined,2,8,"[8, 7]",40,15-20,2,449,8,7
combined,5,24,"[8, 7, 24, 21, 6]",40,15-20,2,449,24,6
combined,10,136,"[8, 7, 24, 21, 6, 3, 115, 2, 5, 136]",40,15-20,2,449,136,2
zernike,1,18,[18],40,20-25,0,234,18,18
zernike,2,18,"[18, 1]",40,20-25,0,234,18,1
zernike,5,18,"[18, 1, 6, 16, 13]",40,20-25,0,234,18,1
zernike,10,18,"[18, 1, 6, 16, 13, 4, 2, 7, 8, 5]",40,20-25,0,234,18,1
rdkit,1,26,[26],40,20-25,0,234,26,26
rdkit,2,29,"[26, 29]",40,20-25,0,234,29,26
rdkit,5,96,"[26, 29, 96, 54, 32]",40,20-25,0,234,96,26
rdkit,10,154,"[26, 29, 96, 54, 32, 71, 44, 154, 39, 18]",40,20-25,0,234,154,18
combined,1,17,[17],40,20-25,0,234,17,17
combined,2,17,"[17, 11]",40,20-25,0,234,17,11
combined,5,58,"[17, 11, 58, 37, 18]",40,20-25,0,234,58,11
combined,10,97,"[17, 11, 58, 37, 18, 47, 21, 97, 22, 5]",40,20-25,0,234,97,5
zernike,1,1,[1],40,20-25,1,296,1,1
zernike,2,46,"[1, 46]",40,20-25,1,296,46,1
zernike,5,46,"[1, 46, 18, 11, 6]",40,20-25,1,296,46,1
zernike,10,46,"[1, 46, 18, 11, 6, 5, 16, 7, 4, 19]",40,20-25,1,296,46,1
rdkit,1,163,[163],40,20-25,1,296,163,163
rdkit,2,234,"[163, 234]",40,20-25,1,296,234,163
rdkit,5,234,"[163, 234, 92, 132, 13]",40,20-25,1,296,234,13
rdkit,10,312,"[163, 234, 92, 132, 13, 152, 75, 312, 78, 109]",40,20-25,1,296,312,13
combined,1,9,[9],40,20-25,1,296,9,9
combined,2,117,"[9, 117]",40,20-25,1,296,117,9
combined,5,117,"[9, 117, 22, 23, 1]",40,20-25,1,296,117,1
combined,10,117,"[9, 117, 22, 23, 1, 19, 18, 80, 4, 26]",40,20-25,1,296,117,1
zernike,1,8,[8],40,20-25,2,449,8,8
zernike,2,8,"[8, 7]",40,20-25,2,449,8,7
zernike,5,70,"[8, 7, 3, 29, 70]",40,20-25,2,449,70,3
zernike,10,346,"[8, 7, 3, 29, 70, 5, 16, 26, 346, 9]",40,20-25,2,449,346,3
rdkit,1,10,[10],40,20-25,2,449,10,10
rdkit,2,10,"[10, 7]",40,20-25,2,449,10,7
rdkit,5,39,"[10, 7, 4, 30, 39]",40,20-25,2,449,39,4
rdkit,10,355,"[10, 7, 4, 30, 39, 253, 355, 38, 182, 298]",40,20-25,2,449,355,4
combined,1,5,[5],40,20-25,2,449,5,5
combined,2,5,"[5, 3]",40,20-25,2,449,5,3
combined,5,23,"[5, 3, 1, 16, 23]",40,20-25,2,449,23,1
combined,10,252,"[5, 3, 1, 16, 23, 49, 132, 15, 252, 75]",40,20-25,2,449,252,1
zernike,1,356,[356],40,25-30,0,234,356,356
zernike,2,376,"[356, 376]",40,25-30,0,234,376,356
zernike,5,376,"[356, 376, 149, 5, 79]",40,25-30,0,234,376,5
zernike,10,433,"[356, 376, 149, 5, 79, 67, 344, 433, 91, 40]",40,25-30,0,234,433,5
rdkit,1,227,[227],40,25-30,0,234,227,227
rdkit,2,227,"[227, 33]",40,25-30,0,234,227,33
rdkit,5,227,"[227, 33, 11, 19, 9]",40,25-30,0,234,227,9
rdkit,10,326,"[227, 33, 11, 19, 9, 322, 162, 137, 3, 326]",40,25-30,0,234,326,3
combined,1,277,[277],40,25-30,0,234,277,277
combined,2,277,"[277, 155]",40,25-30,0,234,277,155
combined,5,277,"[277, 155, 17, 3, 9]",40,25-30,0,234,277,3
combined,10,293,"[277, 155, 17, 3, 9, 159, 242, 293, 5, 150]",40,25-30,0,234,293,3
zernike,1,221,[221],40,25-30,1,296,221,221
zernike,2,221,"[221, 129]",40,25-30,1,296,221,129
zernike,5,221,"[221, 129, 1, 145, 128]",40,25-30,1,296,221,1
zernike,10,431,"[221, 129, 1, 145, 128, 431, 48, 38, 2, 144]",40,25-30,1,296,431,1
rdkit,1,123,[123],40,25-30,1,296,123,123
rdkit,2,123,"[123, 92]",40,25-30,1,296,123,92
rdkit,5,123,"[123, 92, 23, 50, 14]",40,25-30,1,296,123,14
rdkit,10,159,"[123, 92, 23, 50, 14, 159, 4, 130, 21, 150]",40,25-30,1,296,159,4
combined,1,162,[162],40,25-30,1,296,162,162
combined,2,162,"[162, 97]",40,25-30,1,296,162,97
combined,5,162,"[162, 97, 5, 84, 40]",40,25-30,1,296,162,5
combined,10,333,"[162, 97, 5, 84, 40, 333, 8, 48, 4, 135]",40,25-30,1,296,333,4
zernike,1,117,[117],40,25-30,2,449,117,117
zernike,2,117,"[117, 11]",40,25-30,2,449,117,11
zernike,5,138,"[117, 11, 135, 138, 56]",40,25-30,2,449,138,11
zernike,10,248,"[117, 11, 135, 138, 56, 248, 28, 63, 121, 54]",40,25-30,2,449,248,11
rdkit,1,274,[274],40,25-30,2,449,274,274
rdkit,2,274,"[274, 11]",40,25-30,2,449,274,11
rdkit,5,274,"[274, 11, 119, 16, 42]",40,25-30,2,449,274,11
rdkit,10,324,"[274, 11, 119, 16, 42, 199, 60, 122, 324, 43]",40,25-30,2,449,324,11
combined,1,147,[147],40,25-30,2,449,147,147
combined,2,147,"[147, 5]",40,25-30,2,449,147,5
combined,5,147,"[147, 5, 87, 38, 21]",40,25-30,2,449,147,5
combined,10,196,"[147, 5, 87, 38, 21, 196, 20, 55, 187, 22]",40,25-30,2,449,196,5
zernike,1,7,[7],50,15-20,0,254,7,7
zernike,2,118,"[7, 118]",50,15-20,0,254,118,7
zernike,5,158,"[7, 118, 9, 158, 14]",50,15-20,0,254,158,7
zernike,10,158,"[7, 118, 9, 158, 14, 10, 3, 128, 97, 83]",50,15-20,0,254,158,3
rdkit,1,6,[6],50,15-20,0,254,6,6
rdkit,2,171,"[6, 171]",50,15-20,0,254,171,6
rdkit,5,285,"[6, 171, 7, 285, 202]",50,15-20,0,254,285,6
rdkit,10,391,"[6, 171, 7, 285, 202, 187, 50, 87, 391, 223]",50,15-20,0,254,391,6
combined,1,3,[3],50,15-20,0,254,3,3
combined,2,141,"[3, 141]",50,15-20,0,254,141,3
combined,5,238,"[3, 141, 4, 238, 81]",50,15-20,0,254,238,3
combined,10,270,"[3, 141, 4, 238, 81, 72, 7, 92, 270, 163]",50,15-20,0,254,270,3
zernike,1,2,[2],50,15-20,1,438,2,2
zernike,2,88,"[2, 88]",50,15-20,1,438,88,2
zernike,5,139,"[2, 88, 57, 139, 53]",50,15-20,1,438,139,2
zernike,10,289,"[2, 88, 57, 139, 53, 20, 62, 227, 1, 289]",50,15-20,1,438,289,1
rdkit,1,409,[409],50,15-20,1,438,409,409
rdkit,2,409,"[409, 216]",50,15-20,1,438,409,216
rdkit,5,409,"[409, 216, 234, 127, 93]",50,15-20,1,438,409,93
rdkit,10,409,"[409, 216, 234, 127, 93, 102, 53, 341, 366, 261]",50,15-20,1,438,409,53
combined,1,211,[211],50,15-20,1,438,211,211
combined,2,211,"[211, 118]",50,15-20,1,438,211,118
combined,5,211,"[211, 118, 100, 97, 38]",50,15-20,1,438,211,38
combined,10,323,"[211, 118, 100, 97, 38, 21, 23, 323, 47, 280]",50,15-20,1,438,323,21
zernike,1,79,[79],50,15-20,2,136,79,79
zernike,2,79,"[79, 1]",50,15-20,2,136,79,1
zernike,5,151,"[79, 1, 151, 8, 4]",50,15-20,2,136,151,1
zernike,10,158,"[79, 1, 151, 8, 4, 7, 29, 68, 74, 158]",50,15-20,2,136,158,1
rdkit,1,52,[52],50,15-20,2,136,52,52
rdkit,2,98,"[52, 98]",50,15-20,2,136,98,52
rdkit,5,156,"[52, 98, 72, 128, 156]",50,15-20,2,136,156,52
rdkit,10,247,"[52, 98, 72, 128, 156, 146, 165, 139, 247, 73]",50,15-20,2,136,247,52
combined,1,40,[40],50,15-20,2,136,40,40
combined,2,40,"[40, 15]",50,15-20,2,136,40,15
combined,5,88,"[40, 15, 88, 36, 37]",50,15-20,2,136,88,15
combined,10,148,"[40, 15, 88, 36, 37, 45, 86, 91, 148, 90]",50,15-20,2,136,148,15
zernike,1,9,[9],50,20-25,0,254,9,9
zernike,2,10,"[9, 10]",50,20-25,0,254,10,9
zernike,5,189,"[9, 10, 12, 5, 189]",50,20-25,0,254,189,5
zernike,10,242,"[9, 10, 12, 5, 189, 88, 7, 242, 79, 64]",50,20-25,0,254,242,5
rdkit,1,35,[35],50,20-25,0,254,35,35
rdkit,2,73,"[35, 73]",50,20-25,0,254,73,35
rdkit,5,148,"[35, 73, 39, 148, 138]",50,20-25,0,254,148,35
rdkit,10,148,"[35, 73, 39, 148, 138, 22, 17, 1, 36, 74]",50,20-25,0,254,148,1
combined,1,11,[11],50,20-25,0,254,11,11
combined,2,39,"[11, 39]",50,20-25,0,254,39,11
combined,5,139,"[11, 39, 14, 85, 139]",50,20-25,0,254,139,11
combined,10,139,"[11, 39, 14, 85, 139, 25, 4, 12, 31, 61]",50,20-25,0,254,139,4
zernike,1,191,[191],50,20-25,1,438,191,191
zernike,2,191,"[191, 7]",50,20-25,1,438,191,7
zernike,5,191,"[191, 7, 1, 23, 26]",50,20-25,1,438,191,1
zernike,10,191,"[191, 7, 1, 23, 26, 44, 29, 19, 2, 124]",50,20-25,1,438,191,1
rdkit,1,107,[107],50,20-25,1,438,107,107
rdkit,2,107,"[107, 88]",50,20-25,1,438,107,88
rdkit,5,254,"[107, 88, 43, 132, 254]",50,20-25,1,438,254,43
rdkit,10,361,"[107, 88, 43, 132, 254, 1, 160, 163, 361, 155]",50,20-25,1,438,361,1
combined,1,97,[97],50,20-25,1,438,97,97
combined,2,97,"[97, 19]",50,20-25,1,438,97,19
combined,5,157,"[97, 19, 6, 48, 157]",50,20-25,1,438,157,6
combined,10,224,"[97, 19, 6, 48, 157, 1, 85, 76, 224, 128]",50,20-25,1,438,224,1
zernike,1,99,[99],50,20-25,2,136,99,99
zernike,2,99,"[99, 10]",50,20-25,2,136,99,10
zernike,5,213,"[99, 10, 7, 213, 19]",50,20-25,2,136,213,7
zernike,10,289,"[99, 10, 7, 213, 19, 130, 4, 71, 185, 289]",50,20-25,2,136,289,4
rdkit,1,98,[98],50,20-25,2,136,98,98
rdkit,2,98,"[98, 70]",50,20-25,2,136,98,70
rdkit,5,181,"[98, 70, 28, 181, 164]",50,20-25,2,136,181,28
rdkit,10,214,"[98, 70, 28, 181, 164, 214, 107, 80, 150, 121]",50,20-25,2,136,214,28
combined,1,68,[68],50,20-25,2,136,68,68
combined,2,68,"[68, 11]",50,20-25,2,136,68,11
combined,5,175,"[68, 11, 4, 175, 39]",50,20-25,2,136,175,4
combined,10,209,"[68, 11, 4, 175, 39, 131, 10, 41, 135, 209]",50,20-25,2,136,209,4
zernike,1,1,[1],50,25-30,0,254,1,1
zernike,2,11,"[1, 11]",50,25-30,0,254,11,1
zernike,5,12,"[1, 11, 10, 3, 12]",50,25-30,0,254,12,1
zernike,10,369,"[1, 11, 10, 3, 12, 78, 21, 18, 369, 121]",50,25-30,0,254,369,1
rdkit,1,25,[25],50,25-30,0,254,25,25
rdkit,2,36,"[25, 36]",50,25-30,0,254,36,25
rdkit,5,238,"[25, 36, 53, 107, 238]",50,25-30,0,254,238,25
rdkit,10,353,"[25, 36, 53, 107, 238, 69, 353, 174, 306, 339]",50,25-30,0,254,353,25
combined,1,2,[2],50,25-30,0,254,2,2
combined,2,8,"[2, 8]",50,25-30,0,254,8,2
combined,5,95,"[2, 8, 16, 33, 95]",50,25-30,0,254,95,2
combined,10,319,"[2, 8, 16, 33, 95, 43, 212, 78, 319, 253]",50,25-30,0,254,319,2
zernike,1,28,[28],50,25-30,1,438,28,28
zernike,2,28,"[28, 16]",50,25-30,1,438,28,16
zernike,5,330,"[28, 16, 137, 330, 23]",50,25-30,1,438,330,16
zernike,10,388,"[28, 16, 137, 330, 23, 44, 1, 193, 72, 388]",50,25-30,1,438,388,1
rdkit,1,19,[19],50,25-30,1,438,19,19
rdkit,2,19,"[19, 17]",50,25-30,1,438,19,17
rdkit,5,310,"[19, 17, 310, 110, 44]",50,25-30,1,438,310,17
rdkit,10,310,"[19, 17, 310, 110, 44, 144, 21, 2, 15, 55]",50,25-30,1,438,310,2
combined,1,8,[8],50,25-30,1,438,8,8
combined,2,8,"[8, 4]",50,25-30,1,438,8,4
combined,5,232,"[8, 4, 232, 207, 27]",50,25-30,1,438,232,4
combined,10,232,"[8, 4, 232, 207, 27, 84, 1, 29, 20, 211]",50,25-30,1,438,232,1
zernike,1,20,[20],50,25-30,2,136,20,20
zernike,2,20,"[20, 2]",50,25-30,2,136,20,2
zernike,5,24,"[20, 2, 6, 24, 8]",50,25-30,2,136,24,2
zernike,10,40,"[20, 2, 6, 24, 8, 11, 40, 12, 1, 14]",50,25-30,2,136,40,1
rdkit,1,68,[68],50,25-30,2,136,68,68
rdkit,2,68,"[68, 63]",50,25-30,2,136,68,63
rdkit,5,68,"[68, 63, 14, 48, 4]",50,25-30,2,136,68,4
rdkit,10,187,"[68, 63, 14, 48, 4, 62, 117, 23, 187, 24]",50,25-30,2,136,187,4
combined,1,27,[27],50,25-30,2,136,27,27
combined,2,27,"[27, 12]",50,25-30,2,136,27,12
combined,5,27,"[27, 12, 2, 20, 1]",50,25-30,2,136,27,1
combined,10,75,"[27, 12, 2, 20, 1, 17, 70, 8, 75, 11]",50,25-30,2,136,75,1
zernike,1,7,[7],60,15-20,0,157,7,7
zernike,2,16,"[7, 16]",60,15-20,0,157,16,7
zernike,5,61,"[7, 16, 61, 3, 50]",60,15-20,0,157,61,3
zernike,10,146,"[7, 16, 61, 3, 50, 146, 45, 22, 93, 78]",60,15-20,0,157,146,3
rdkit,1,27,[27],60,15-20,0,157,27,27
rdkit,2,50,"[27, 50]",60,15-20,0,157,50,27
rdkit,5,146,"[27, 50, 146, 90, 15]",60,15-20,0,157,146,15
rdkit,10,281,"[27, 50, 146, 90, 15, 38, 10, 281, 191, 70]",60,15-20,0,157,281,10
combined,1,11,[11],60,15-20,0,157,11,11
combined,2,19,"[11, 19]",60,15-20,0,157,19,11
combined,5,80,"[11, 19, 80, 25, 12]",60,15-20,0,157,80,11
combined,10,129,"[11, 19, 80, 25, 12, 41, 7, 129, 120, 38]",60,15-20,0,157,129,7
zernike,1,31,[31],60,15-20,1,145,31,31
zernike,2,31,"[31, 2]",60,15-20,1,145,31,2
zernike,5,237,"[31, 2, 237, 14, 53]",60,15-20,1,145,237,2
zernike,10,237,"[31, 2, 237, 14, 53, 1, 6, 108, 24, 81]",60,15-20,1,145,237,1
rdkit,1,183,[183],60,15-20,1,145,183,183
rdkit,2,240,"[183, 240]",60,15-20,1,145,240,183
rdkit,5,329,"[183, 240, 329, 165, 294]",60,15-20,1,145,329,165
rdkit,10,368,"[183, 240, 329, 165, 294, 349, 221, 328, 368, 340]",60,15-20,1,145,368,165
combined,1,48,[48],60,15-20,1,145,48,48
combined,2,48,"[48, 14]",60,15-20,1,145,48,14
combined,5,290,"[48, 14, 290, 20, 147]",60,15-20,1,145,290,14
combined,10,290,"[48, 14, 290, 20, 147, 107, 25, 218, 213, 216]",60,15-20,1,145,290,14
zernike,1,25,[25],60,15-20,2,295,25,25
zernike,2,25,"[25, 2]",60,15-20,2,295,25,2
zernike,5,114,"[25, 2, 14, 114, 63]",60,15-20,2,295,114,2
zernike,10,114,"[25, 2, 14, 114, 63, 98, 17, 7, 1, 43]",60,15-20,2,295,114,1
rdkit,1,91,[91],60,15-20,2,295,91,91
rdkit,2,91,"[91, 1]",60,15-20,2,295,91,1
rdkit,5,277,"[91, 1, 118, 69, 277]",60,15-20,2,295,277,1
rdkit,10,277,"[91, 1, 118, 69, 277, 7, 28, 72, 41, 33]",60,15-20,2,295,277,1
combined,1,46,[46],60,15-20,2,295,46,46
combined,2,46,"[46, 1]",60,15-20,2,295,46,1
combined,5,149,"[46, 1, 48, 62, 149]",60,15-20,2,295,149,1
combined,10,149,"[46, 1, 48, 62, 149, 12, 10, 30, 7, 22]",60,15-20,2,295,149,1
zernike,1,152,[152],60,20-25,0,157,152,152
zernike,2,152,"[152, 17]",60,20-25,0,157,152,17
zernike,5,152,"[152, 17, 3, 94, 30]",60,20-25,0,157,152,3
zernike,10,211,"[152, 17, 3, 94, 30, 153, 92, 54, 211, 9]",60,20-25,0,157,211,3
rdkit,1,270,[270],60,20-25,0,157,270,270
rdkit,2,270,"[270, 22]",60,20-25,0,157,270,22
rdkit,5,270,"[270, 22, 52, 200, 92]",60,20-25,0,157,270,22
rdkit,10,270,"[270, 22, 52, 200, 92, 13, 3, 183, 99, 15]",60,20-25,0,157,270,3
combined,1,172,[172],60,20-25,0,157,172,172
combined,2,172,"[172, 9]",60,20-25,0,157,172,9
combined,5,172,"[172, 9, 8, 120, 45]",60,20-25,0,157,172,8
combined,10,172,"[172, 9, 8, 120, 45, 37, 10, 101, 134, 4]",60,20-25,0,157,172,4
zernike,1,7,[7],60,20-25,1,145,7,7
zernike,2,22,"[7, 22]",60,20-25,1,145,22,7
zernike,5,321,"[7, 22, 321, 270, 162]",60,20-25,1,145,321,7
zernike,10,385,"[7, 22, 321, 270, 162, 1, 211, 204, 385, 144]",60,20-25,1,145,385,1
rdkit,1,1,[1],60,20-25,1,145,1,1
rdkit,2,69,"[1, 69]",60,20-25,1,145,69,1
rdkit,5,393,"[1, 69, 393, 76, 36]",60,20-25,1,145,393,1
rdkit,10,393,"[1, 69, 393, 76, 36, 27, 183, 49, 352, 40]",60,20-25,1,145,393,1
combined,1,1,[1],60,20-25,1,145,1,1
combined,2,19,"[1, 19]",60,20-25,1,145,19,1
combined,5,400,"[1, 19, 400, 124, 44]",60,20-25,1,145,400,1
combined,10,400,"[1, 19, 400, 124, 44, 5, 138, 59, 394, 42]",60,20-25,1,145,400,1
zernike,1,41,[41],60,20-25,2,295,41,41
zernike,2,179,"[41, 179]",60,20-25,2,295,179,41
zernike,5,179,"[41, 179, 117, 86, 40]",60,20-25,2,295,179,40
zernike,10,179,"[41, 179, 117, 86, 40, 124, 46, 32, 13, 3]",60,20-25,2,295,179,3
rdkit,1,52,[52],60,20-25,2,295,52,52
rdkit,2,81,"[52, 81]",60,20-25,2,295,81,52
rdkit,5,362,"[52, 81, 362, 9, 3]",60,20-25,2,295,362,3
rdkit,10,362,"[52, 81, 362, 9, 3, 47, 18, 253, 291, 8]",60,20-25,2,295,362,3
combined,1,19,[19],60,20-25,2,295,19,19
combined,2,92,"[19, 92]",60,20-25,2,295,92,19
combined,5,263,"[19, 92, 263, 11, 2]",60,20-25,2,295,263,2
combined,10,263,"[19, 92, 263, 11, 2, 36, 10, 123, 129, 1]",60,20-25,2,295,263,1
zernike,1,23,[23],60,25-30,0,157,23,23
zernike,2,38,"[23, 38]",60,25-30,0,157,38,23
zernike,5,192,"[23, 38, 84, 18, 192]",60,25-30,0,157,192,18
zernike,10,197,"[23, 38, 84, 18, 192, 66, 69, 21, 54, 197]",60,25-30,0,157,197,18
rdkit,1,263,[263],60,25-30,0,157,263,263
rdkit,2,263,"[263, 175]",60,25-30,0,157,263,175
rdkit,5,263,"[263, 175, 16, 84, 19]",60,25-30,0,157,263,16
rdkit,10,357,"[263, 175, 16, 84, 19, 212, 45, 357, 55, 29]",60,25-30,0,157,357,16
combined,1,114,[114],60,25-30,0,157,114,114
combined,2,114,"[114, 57]",60,25-30,0,157,114,57
combined,5,114,"[114, 57, 21, 24, 60]",60,25-30,0,157,114,21
combined,10,187,"[114, 57, 21, 24, 60, 117, 31, 187, 29, 68]",60,25-30,0,157,187,21
zernike,1,19,[19],60,25-30,1,145,19,19
zernike,2,101,"[19, 101]",60,25-30,1,145,101,19
zernike,5,101,"[19, 101, 1, 4, 89]",60,25-30,1,145,101,1
zernike,10,302,"[19, 101, 1, 4, 89, 210, 302, 83, 90, 2]",60,25-30,1,145,302,1
rdkit,1,119,[119],60,25-30,1,145,119,119
rdkit,2,137,"[119, 137]",60,25-30,1,145,137,119
rdkit,5,245,"[119, 137, 232, 180, 245]",60,25-30,1,145,245,119
rdkit,10,285,"[119, 137, 232, 180, 245, 164, 285, 14, 7, 133]",60,25-30,1,145,285,7
combined,1,46,[46],60,25-30,1,145,46,46
combined,2,118,"[46, 118]",60,25-30,1,145,118,46
combined,5,162,"[46, 118, 65, 49, 162]",60,25-30,1,145,162,46
combined,10,279,"[46, 118, 65, 49, 162, 175, 279, 16, 7, 30]",60,25-30,1,145,279,7
zernike,1,1,[1],60,25-30,2,295,1,1
zernike,2,3,"[1, 3]",60,25-30,2,295,3,1
zernike,5,35,"[1, 3, 8, 25, 35]",60,25-30,2,295,35,1
zernike,10,210,"[1, 3, 8, 25, 35, 19, 49, 210, 143, 188]",60,25-30,2,295,210,1
rdkit,1,19,[19],60,25-30,2,295,19,19
rdkit,2,67,"[19, 67]",60,25-30,2,295,67,19
rdkit,5,95,"[19, 67, 90, 13, 95]",60,25-30,2,295,95,13
rdkit,10,219,"[19, 67, 90, 13, 95, 11, 219, 4, 68, 1]",60,25-30,2,295,219,1
combined,1,2,[2],60,25-30,2,295,2,2
combined,2,20,"[2, 20]",60,25-30,2,295,20,2
combined,5,52,"[2, 20, 31, 8, 52]",60,25-30,2,295,52,2
combined,10,95,"[2, 20, 31, 8, 52, 5, 95, 13, 57, 1]",60,25-30,2,295,95,1
zernike,1,6,[6],70,15-20,0,465,6,6
zernike,2,62,"[6, 62]",70,15-20,0,465,62,6
zernike,5,62,"[6, 62, 5, 52, 56]",70,15-20,0,465,62,5
zernike,10,62,"[6, 62, 5, 52, 56, 50, 1, 2, 43, 3]",70,15-20,0,465,62,1
rdkit,1,58,[58],70,15-20,0,465,58,58
rdkit,2,62,"[58, 62]",70,15-20,0,465,62,58
rdkit,5,177,"[58, 62, 61, 140, 177]",70,15-20,0,465,177,58
rdkit,10,295,"[58, 62, 61, 140, 177, 210, 120, 131, 295, 77]",70,15-20,0,465,295,58
combined,1,16,[16],70,15-20,0,465,16,16
combined,2,39,"[16, 39]",70,15-20,0,465,39,16
combined,5,121,"[16, 39, 18, 83, 121]",70,15-20,0,465,121,16
combined,10,210,"[16, 39, 18, 83, 121, 143, 42, 48, 210, 27]",70,15-20,0,465,210,16
zernike,1,6,[6],70,15-20,1,60,6,6
zernike,2,14,"[6, 14]",70,15-20,1,60,14,6
zernike,5,58,"[6, 14, 2, 58, 1]",70,15-20,1,60,58,1
zernike,10,199,"[6, 14, 2, 58, 1, 80, 88, 29, 103, 199]",70,15-20,1,60,199,1
rdkit,1,52,[52],70,15-20,1,60,52,52
rdkit,2,403,"[52, 403]",70,15-20,1,60,403,52
rdkit,5,403,"[52, 403, 46, 60, 23]",70,15-20,1,60,403,23
rdkit,10,403,"[52, 403, 46, 60, 23, 268, 65, 111, 73, 176]",70,15-20,1,60,403,23
combined,1,13,[13],70,15-20,1,60,13,13
combined,2,198,"[13, 198]",70,15-20,1,60,198,13
combined,5,198,"[13, 198, 11, 32, 3]",70,15-20,1,60,198,3
combined,10,198,"[13, 198, 11, 32, 3, 155, 38, 42, 44, 165]",70,15-20,1,60,198,3
zernike,1,262,[262],70,15-20,2,150,262,262
zernike,2,262,"[262, 124]",70,15-20,2,150,262,124
zernike,5,305,"[262, 124, 6, 305, 163]",70,15-20,2,150,305,6
zernike,10,358,"[262, 124, 6, 305, 163, 166, 218, 265, 358, 326]",70,15-20,2,150,358,6
rdkit,1,212,[212],70,15-20,2,150,212,212
rdkit,2,275,"[212, 275]",70,15-20,2,150,275,212
rdkit,5,275,"[212, 275, 9, 136, 163]",70,15-20,2,150,275,9
rdkit,10,362,"[212, 275, 9, 136, 163, 248, 218, 214, 362, 332]",70,15-20,2,150,362,9
combined,1,235,[235],70,15-20,2,150,235,235
combined,2,235,"[235, 172]",70,15-20,2,150,235,172
combined,5,235,"[235, 172, 4, 223, 133]",70,15-20,2,150,235,4
combined,10,364,"[235, 172, 4, 223, 133, 179, 217, 238, 364, 321]",70,15-20,2,150,364,4
zernike,1,16,[16],70,20-25,0,465,16,16
zernike,2,39,"[16, 39]",70,20-25,0,465,39,16
zernike,5,48,"[16, 39, 14, 20, 48]",70,20-25,0,465,48,14
zernike,10,48,"[16, 39, 14, 20, 48, 24, 4, 15, 2, 5]",70,20-25,0,465,48,2
rdkit,1,322,[322],70,20-25,0,465,322,322
rdkit,2,322,"[322, 131]",70,20-25,0,465,322,131
rdkit,5,322,"[322, 131, 172, 6, 42]",70,20-25,0,465,322,6
rdkit,10,421,"[322, 131, 172, 6, 42, 421, 15, 27, 163, 39]",70,20-25,0,465,421,6
combined,1,134,[134],70,20-25,0,465,134,134
combined,2,134,"[134, 61]",70,20-25,0,465,134,61
combined,5,134,"[134, 61, 60, 3, 30]",70,20-25,0,465,134,3
combined,10,224,"[134, 61, 60, 3, 30, 224, 2, 12, 35, 9]",70,20-25,0,465,224,2
zernike,1,1,[1],70,20-25,1,60,1,1
zernike,2,15,"[1, 15]",70,20-25,1,60,15,1
zernike,5,313,"[1, 15, 4, 313, 37]",70,20-25,1,60,313,1
zernike,10,327,"[1, 15, 4, 313, 37, 69, 327, 36, 19, 11]",70,20-25,1,60,327,1
rdkit,1,3,[3],70,20-25,1,60,3,3
rdkit,2,36,"[3, 36]",70,20-25,1,60,36,3
rdkit,5,126,"[3, 36, 79, 126, 30]",70,20-25,1,60,126,3
rdkit,10,209,"[3, 36, 79, 126, 30, 116, 209, 100, 66, 87]",70,20-25,1,60,209,3
combined,1,1,[1],70,20-25,1,60,1,1
combined,2,11,"[1, 11]",70,20-25,1,60,11,1
combined,5,161,"[1, 11, 25, 161, 13]",70,20-25,1,60,161,1
combined,10,237,"[1, 11, 25, 161, 13, 100, 237, 71, 27, 44]",70,20-25,1,60,237,1
zernike,1,12,[12],70,20-25,2,150,12,12
zernike,2,257,"[12, 257]",70,20-25,2,150,257,12
zernike,5,257,"[12, 257, 87, 167, 1]",70,20-25,2,150,257,1
zernike,10,434,"[12, 257, 87, 167, 1, 27, 22, 26, 434, 165]",70,20-25,2,150,434,1
rdkit,1,154,[154],70,20-25,2,150,154,154
rdkit,2,154,"[154, 9]",70,20-25,2,150,154,9
rdkit,5,154,"[154, 9, 48, 34, 131]",70,20-25,2,150,154,9
rdkit,10,263,"[154, 9, 48, 34, 131, 164, 263, 11, 59, 10]",70,20-25,2,150,263,9
combined,1,24,[24],70,20-25,2,150,24,24
combined,2,52,"[24, 52]",70,20-25,2,150,52,24
combined,5,52,"[24, 52, 27, 45, 12]",70,20-25,2,150,52,12
combined,10,242,"[24, 52, 27, 45, 12, 36, 78, 2, 242, 26]",70,20-25,2,150,242,2
zernike,1,1,[1],70,25-30,0,465,1,1
zernike,2,25,"[1, 25]",70,25-30,0,465,25,1
zernike,5,462,"[1, 25, 462, 9, 76]",70,25-30,0,465,462,1
zernike,10,462,"[1, 25, 462, 9, 76, 2, 7, 19, 111, 120]",70,25-30,0,465,462,1
rdkit,1,57,[57],70,25-30,0,465,57,57
rdkit,2,132,"[57, 132]",70,25-30,0,465,132,57
rdkit,5,289,"[57, 132, 289, 111, 43]",70,25-30,0,465,289,43
rdkit,10,289,"[57, 132, 289, 111, 43, 32, 253, 114, 40, 217]",70,25-30,0,465,289,32
combined,1,1,[1],70,25-30,0,465,1,1
combined,2,83,"[1, 83]",70,25-30,0,465,83,1
combined,5,351,"[1, 83, 351, 51, 32]",70,25-30,0,465,351,1
combined,10,351,"[1, 83, 351, 51, 32, 3, 131, 59, 45, 178]",70,25-30,0,465,351,1
zernike,1,2,[2],70,25-30,1,60,2,2
zernike,2,27,"[2, 27]",70,25-30,1,60,27,2
zernike,5,144,"[2, 27, 8, 144, 123]",70,25-30,1,60,144,2
zernike,10,268,"[2, 27, 8, 144, 123, 111, 1, 19, 268, 108]",70,25-30,1,60,268,1
rdkit,1,17,[17],70,25-30,1,60,17,17
rdkit,2,234,"[17, 234]",70,25-30,1,60,234,17
rdkit,5,234,"[17, 234, 50, 177, 45]",70,25-30,1,60,234,17
rdkit,10,234,"[17, 234, 50, 177, 45, 41, 163, 138, 165, 116]",70,25-30,1,60,234,17
combined,1,1,[1],70,25-30,1,60,1,1
combined,2,137,"[1, 137]",70,25-30,1,60,137,1
combined,5,137,"[1, 137, 6, 136, 20]",70,25-30,1,60,137,1
combined,10,161,"[1, 137, 6, 136, 20, 19, 25, 54, 161, 78]",70,25-30,1,60,161,1
zernike,1,31,[31],70,25-30,2,150,31,31
zernike,2,31,"[31, 14]",70,25-30,2,150,31,14
zernike,5,50,"[31, 14, 23, 2, 50]",70,25-30,2,150,50,2
zernike,10,101,"[31, 14, 23, 2, 50, 27, 91, 60, 101, 90]",70,25-30,2,150,101,2
rdkit,1,190,[190],70,25-30,2,150,190,190
rdkit,2,190,"[190, 47]",70,25-30,2,150,190,47
rdkit,5,190,"[190, 47, 144, 40, 30]",70,25-30,2,150,190,30
rdkit,10,261,"[190, 47, 144, 40, 30, 247, 261, 15, 182, 102]",70,25-30,2,150,261,15
combined,1,70,[70],70,25-30,2,150,70,70
combined,2,70,"[70, 15]",70,25-30,2,150,70,15
combined,5,70,"[70, 15, 49, 6, 14]",70,25-30,2,150,70,6
combined,10,158,"[70, 15, 49, 6, 14, 102, 158, 11, 110, 54]",70,25-30,2,150,158,6
